,chromosome,start,end,type,group,CNV_type
1,chr1,5377459,5377544,Shared_del,Shared,del
2,chr1,28067452,28068886,Shared_dup,Shared,dup
3,chr1,35106808,35106954,Ctrl_uniq_dup,Ctrl_uniq,dup
4,chr1,53180182,53180365,Ctrl_uniq_del,Ctrl_uniq,del
5,chr1,78609803,78611094,Ctrl_uniq_del,Ctrl_uniq,del
6,chr1,80828728,80828784,Ctrl_uniq_del,Ctrl_uniq,del
7,chr1,85110868,85110869,Ctrl_uniq_del,Ctrl_uniq,del
8,chr1,85110869,85111034,Shared_del,Shared,del
9,chr1,85111034,85111044,Ctrl_uniq_del,Ctrl_uniq,del
10,chr1,85206076,85206197,Shared_del,Shared,del
11,chr1,88234242,88234312,Shared_del,Shared,del
12,chr1,88264165,88264232,Exp_uniq_del,Exp_uniq,del
13,chr1,88266278,88266329,Ctrl_uniq_del,Ctrl_uniq,del
14,chr1,88270315,88271447,Shared_del,Shared,del
15,chr1,88272251,88272491,Shared_del,Shared,del
16,chr1,88297289,88297341,Ctrl_uniq_del,Ctrl_uniq,del
17,chr1,127215509,127215601,Exp_uniq_dup,Exp_uniq,dup
18,chr1,137978534,137978586,Shared_del,Shared,del
19,chr1,145955078,145958495,Shared_dup,Shared,dup
20,chr1,157977126,157978165,Ctrl_uniq_dup,Ctrl_uniq,dup
21,chr1,159274216,159274835,Ctrl_uniq_dup,Ctrl_uniq,dup
22,chr1,169925730,169925782,Shared_del,Shared,del
23,chr1,169925782,169925808,Ctrl_uniq_del,Ctrl_uniq,del
24,chr1,171074549,171082223,Exp_uniq_dup,Exp_uniq,dup
25,chr1,171344810,171344822,Exp_uniq_del,Exp_uniq,del
26,chr1,171344822,171358013,Shared_del,Shared,del
27,chr1,171358013,171358089,Ctrl_uniq_del,Ctrl_uniq,del
28,chr1,171923692,171923783,Shared_dup,Shared,dup
29,chr1,179903219,179903460,Exp_uniq_del,Exp_uniq,del
30,chr1,179903460,179904676,Shared_del,Shared,del
31,chr1,179904676,179904731,Exp_uniq_del,Exp_uniq,del
32,chr1,182982933,182983033,Exp_uniq_del,Exp_uniq,del
33,chr1,188324276,188324354,Ctrl_uniq_del,Ctrl_uniq,del
34,chr1,195471971,195471971,Shared_del,Shared,del
35,chr10,4893600,4893664,Shared_dup,Shared,dup
36,chr10,7584930,7585542,Exp_uniq_del,Exp_uniq,del
37,chr10,8453785,8453795,Ctrl_uniq_dup,Ctrl_uniq,dup
38,chr10,8453795,8454926,Shared_dup,Shared,dup
39,chr10,8454327,8454365,Ctrl_uniq_del,Ctrl_uniq,del
40,chr10,8454365,8454434,Shared_del,Shared,del
41,chr10,8454434,8454482,Exp_uniq_del,Exp_uniq,del
42,chr10,8454926,8455016,Ctrl_uniq_dup,Ctrl_uniq,dup
43,chr10,12015820,12015926,Exp_uniq_dup,Exp_uniq,dup
44,chr10,12015926,12017007,Shared_dup,Shared,dup
45,chr10,12017007,12017032,Ctrl_uniq_dup,Ctrl_uniq,dup
46,chr10,26365752,26365842,Exp_uniq_del,Exp_uniq,del
47,chr10,34465831,34465927,Ctrl_uniq_del,Ctrl_uniq,del
48,chr10,39107193,39107277,Shared_del,Shared,del
49,chr10,40452666,40453042,Ctrl_uniq_del,Ctrl_uniq,del
50,chr10,48731451,48731485,Exp_uniq_dup,Exp_uniq,dup
51,chr10,48731485,48732550,Shared_dup,Shared,dup
52,chr10,48731670,48731839,Shared_del,Shared,del
53,chr10,48732550,48732556,Ctrl_uniq_dup,Ctrl_uniq,dup
54,chr10,57440155,57440367,Shared_del,Shared,del
55,chr10,57444734,57444747,Ctrl_uniq_dup,Ctrl_uniq,dup
56,chr10,57444747,57446061,Shared_dup,Shared,dup
57,chr10,57445257,57445721,Shared_del,Shared,del
58,chr10,57446061,57446074,Ctrl_uniq_dup,Ctrl_uniq,dup
59,chr10,58206462,58206612,Exp_uniq_del,Exp_uniq,del
60,chr10,65262129,65262196,Ctrl_uniq_del,Ctrl_uniq,del
61,chr10,67390179,67390238,Exp_uniq_del,Exp_uniq,del
62,chr10,67390238,67391501,Shared_del,Shared,del
63,chr10,67391501,67391615,Ctrl_uniq_del,Ctrl_uniq,del
64,chr10,72850139,72850267,Exp_uniq_del,Exp_uniq,del
65,chr10,84655327,84655383,Ctrl_uniq_del,Ctrl_uniq,del
66,chr10,96795976,96796104,Exp_uniq_del,Exp_uniq,del
67,chr10,115780760,115780824,Ctrl_uniq_del,Ctrl_uniq,del
68,chr10,119099544,119099680,Shared_dup,Shared,dup
69,chr10,119099680,119099681,Exp_uniq_dup,Exp_uniq,dup
70,chr10,130694993,130694993,Shared_del,Shared,del
71,chr11,3151593,3152111,Ctrl_uniq_del,Ctrl_uniq,del
72,chr11,8908773,8908824,Ctrl_uniq_del,Ctrl_uniq,del
73,chr11,20378357,20378428,Ctrl_uniq_dup,Ctrl_uniq,dup
74,chr11,20378428,20380035,Shared_dup,Shared,dup
75,chr11,20379233,20379438,Ctrl_uniq_del,Ctrl_uniq,del
76,chr11,20379483,20379577,Shared_del,Shared,del
77,chr11,20380035,20380055,Ctrl_uniq_dup,Ctrl_uniq,dup
78,chr11,29758746,29758815,Ctrl_uniq_dup,Ctrl_uniq,dup
79,chr11,31342872,31342884,Ctrl_uniq_del,Ctrl_uniq,del
80,chr11,31342884,31346041,Shared_del,Shared,del
81,chr11,31346041,31346105,Exp_uniq_del,Exp_uniq,del
82,chr11,32122804,32122924,Shared_del,Shared,del
83,chr11,35942092,35942142,Exp_uniq_dup,Exp_uniq,dup
84,chr11,42915716,42915801,Ctrl_uniq_del,Ctrl_uniq,del
85,chr11,58393712,58394077,Shared_dup,Shared,dup
86,chr11,59526754,59526806,Exp_uniq_del,Exp_uniq,del
87,chr11,60451195,60451430,Exp_uniq_del,Exp_uniq,del
88,chr11,66564275,66564287,Exp_uniq_dup,Exp_uniq,dup
89,chr11,66564287,66565636,Shared_dup,Shared,dup
90,chr11,66565636,66565647,Exp_uniq_dup,Exp_uniq,dup
91,chr11,69283675,69284128,Shared_del,Shared,del
92,chr11,80920205,80920512,Ctrl_uniq_del,Ctrl_uniq,del
93,chr11,88306477,88306730,Shared_dup,Shared,dup
94,chr11,90978726,90978822,Exp_uniq_del,Exp_uniq,del
95,chr11,97640951,97641224,Exp_uniq_del,Exp_uniq,del
96,chr11,112451485,112451558,Exp_uniq_del,Exp_uniq,del
97,chr11,121214680,121214938,Exp_uniq_del,Exp_uniq,del
98,chr11,122082543,122082543,Shared_del,Shared,del
99,chr12,4185889,4187178,Shared_del,Shared,del
100,chr12,4450347,4450501,Shared_dup,Shared,dup
101,chr12,5051297,5052039,Ctrl_uniq_del,Ctrl_uniq,del
102,chr12,5052039,5055019,Shared_del,Shared,del
103,chr12,5055013,5059095,Ctrl_uniq_dup,Ctrl_uniq,dup
104,chr12,5056368,5059094,Shared_del,Shared,del
105,chr12,7720193,7720367,Exp_uniq_del,Exp_uniq,del
106,chr12,14996036,14996097,Exp_uniq_del,Exp_uniq,del
107,chr12,26193803,26193986,Exp_uniq_del,Exp_uniq,del
108,chr12,26193986,26195280,Shared_del,Shared,del
109,chr12,26193999,26195555,Shared_dup,Shared,dup
110,chr12,26195280,26195469,Exp_uniq_del,Exp_uniq,del
111,chr12,42519284,42519337,Exp_uniq_del,Exp_uniq,del
112,chr12,55538415,55538852,Shared_dup,Shared,dup
113,chr12,55538852,55538869,Exp_uniq_dup,Exp_uniq,dup
114,chr12,68770695,68770963,Shared_dup,Shared,dup
115,chr12,71088826,71092683,Exp_uniq_dup,Exp_uniq,dup
116,chr12,82281917,82283140,Exp_uniq_dup,Exp_uniq,dup
117,chr12,84060427,84060529,Ctrl_uniq_del,Ctrl_uniq,del
118,chr12,87883725,87883777,Ctrl_uniq_del,Ctrl_uniq,del
119,chr12,88251762,88251975,Shared_del,Shared,del
120,chr12,88992783,88992857,Ctrl_uniq_del,Ctrl_uniq,del
121,chr12,103342679,103342804,Exp_uniq_del,Exp_uniq,del
122,chr12,112893577,112893678,Ctrl_uniq_dup,Ctrl_uniq,dup
123,chr12,113697054,113697153,Ctrl_uniq_dup,Ctrl_uniq,dup
124,chr12,114759761,114798536,Shared_dup,Shared,dup
125,chr12,120129022,120129022,Shared_del,Shared,del
126,chr13,3037403,3037455,Ctrl_uniq_del,Ctrl_uniq,del
127,chr13,4351947,4352461,Ctrl_uniq_del,Ctrl_uniq,del
128,chr13,12763864,12763882,Ctrl_uniq_del,Ctrl_uniq,del
129,chr13,12763882,12763951,Shared_del,Shared,del
130,chr13,12763951,12763969,Exp_uniq_del,Exp_uniq,del
131,chr13,24554229,24554321,Ctrl_uniq_del,Ctrl_uniq,del
132,chr13,32423477,32423540,Shared_del,Shared,del
133,chr13,35040795,35040847,Ctrl_uniq_del,Ctrl_uniq,del
134,chr13,38160026,38160342,Exp_uniq_dup,Exp_uniq,dup
135,chr13,38160129,38160228,Exp_uniq_del,Exp_uniq,del
136,chr13,38338322,38338503,Ctrl_uniq_del,Ctrl_uniq,del
137,chr13,41120328,41120602,Ctrl_uniq_del,Ctrl_uniq,del
138,chr13,46486267,46486332,Shared_del,Shared,del
139,chr13,49905389,49905475,Shared_del,Shared,del
140,chr13,51373202,51373497,Shared_dup,Shared,dup
141,chr13,60159917,60160187,Ctrl_uniq_del,Ctrl_uniq,del
142,chr13,71597125,71597639,Ctrl_uniq_del,Ctrl_uniq,del
143,chr13,72984361,72984427,Shared_del,Shared,del
144,chr13,73520763,73520841,Ctrl_uniq_del,Ctrl_uniq,del
145,chr13,79023841,79024020,Shared_del,Shared,del
146,chr13,91996027,91996131,Ctrl_uniq_del,Ctrl_uniq,del
147,chr13,93841752,93842624,Shared_dup,Shared,dup
148,chr13,93842049,93842410,Exp_uniq_del,Exp_uniq,del
149,chr13,93842492,93842745,Exp_uniq_del,Exp_uniq,del
150,chr13,93842745,93842829,Shared_del,Shared,del
151,chr13,93842829,93842958,Exp_uniq_del,Exp_uniq,del
152,chr13,93842982,93843075,Ctrl_uniq_del,Ctrl_uniq,del
153,chr13,95423705,95423802,Shared_dup,Shared,dup
154,chr13,109200638,109200710,Shared_del,Shared,del
155,chr13,109514579,109514638,Shared_del,Shared,del
156,chr13,112398548,112398696,Exp_uniq_del,Exp_uniq,del
157,chr13,120421639,120421639,Shared_del,Shared,del
158,chr14,17084897,17085659,Shared_dup,Shared,dup
159,chr14,17085113,17085178,Exp_uniq_del,Exp_uniq,del
160,chr14,17085226,17085362,Shared_del,Shared,del
161,chr14,26739908,26739927,Ctrl_uniq_dup,Ctrl_uniq,dup
162,chr14,26739927,26744121,Shared_dup,Shared,dup
163,chr14,26744121,26744140,Ctrl_uniq_dup,Ctrl_uniq,dup
164,chr14,26751438,26753428,Ctrl_uniq_dup,Ctrl_uniq,dup
165,chr14,40265118,40265174,Exp_uniq_del,Exp_uniq,del
166,chr14,41722740,41723279,Exp_uniq_dup,Exp_uniq,dup
167,chr14,41911613,41911617,Exp_uniq_dup,Exp_uniq,dup
168,chr14,41911617,41912450,Shared_dup,Shared,dup
169,chr14,43061209,43061748,Exp_uniq_dup,Exp_uniq,dup
170,chr14,43297903,43298734,Shared_dup,Shared,dup
171,chr14,43298734,43298740,Ctrl_uniq_dup,Ctrl_uniq,dup
172,chr14,47115582,47115750,Exp_uniq_del,Exp_uniq,del
173,chr14,49663961,49664078,Exp_uniq_del,Exp_uniq,del
174,chr14,60040674,60041220,Exp_uniq_del,Exp_uniq,del
175,chr14,70795577,70795767,Exp_uniq_del,Exp_uniq,del
176,chr14,103062785,103062860,Exp_uniq_del,Exp_uniq,del
177,chr14,104132873,104132984,Shared_del,Shared,del
178,chr14,112074679,112076198,Shared_dup,Shared,dup
179,chr14,124902244,124902244,Shared_del,Shared,del
180,chr15,3900649,3900841,Shared_del,Shared,del
181,chr15,16462175,16462177,Exp_uniq_dup,Exp_uniq,dup
182,chr15,16462177,16464319,Shared_dup,Shared,dup
183,chr15,16464319,16464334,Exp_uniq_dup,Exp_uniq,dup
184,chr15,37541624,37541746,Exp_uniq_dup,Exp_uniq,dup
185,chr15,65039132,65039474,Shared_del,Shared,del
186,chr15,69884564,69884985,Shared_dup,Shared,dup
187,chr15,75008634,75056895,Exp_uniq_dup,Exp_uniq,dup
188,chr15,75146342,75149259,Exp_uniq_dup,Exp_uniq,dup
189,chr15,103651373,103938674,Shared_dup,Shared,dup
190,chr15,103738708,103738839,Ctrl_uniq_del,Ctrl_uniq,del
191,chr15,103738839,103934295,Shared_del,Shared,del
192,chr15,103938713,103938936,Shared_del,Shared,del
193,chr15,104043685,104043685,Shared_del,Shared,del
194,chr16,3138144,3138475,Shared_del,Shared,del
195,chr16,3286885,3287037,Shared_del,Shared,del
196,chr16,3327995,3328326,Shared_del,Shared,del
197,chr16,7682444,7682510,Ctrl_uniq_del,Ctrl_uniq,del
198,chr16,8084247,8084799,Ctrl_uniq_dup,Ctrl_uniq,dup
199,chr16,8084430,8084538,Shared_del,Shared,del
200,chr16,13435545,13435600,Exp_uniq_del,Exp_uniq,del
201,chr16,32752503,32753350,Ctrl_uniq_del,Ctrl_uniq,del
202,chr16,32752639,32752653,Ctrl_uniq_dup,Ctrl_uniq,dup
203,chr16,32752653,32755359,Shared_dup,Shared,dup
204,chr16,32753350,32753859,Shared_del,Shared,del
205,chr16,32753859,32755804,Ctrl_uniq_del,Ctrl_uniq,del
206,chr16,32755359,32755365,Ctrl_uniq_dup,Ctrl_uniq,dup
207,chr16,34006663,34006723,Ctrl_uniq_del,Ctrl_uniq,del
208,chr16,35145614,35145666,Exp_uniq_del,Exp_uniq,del
209,chr16,37423527,37423678,Ctrl_uniq_del,Ctrl_uniq,del
210,chr16,62670937,62671303,Ctrl_uniq_del,Ctrl_uniq,del
211,chr16,74300058,74300128,Shared_del,Shared,del
212,chr16,78252747,78252875,Exp_uniq_del,Exp_uniq,del
213,chr16,78252980,78253035,Shared_del,Shared,del
214,chr16,83340442,83340516,Shared_del,Shared,del
215,chr16,98010284,98010368,Exp_uniq_dup,Exp_uniq,dup
216,chr16,98010368,98011813,Shared_dup,Shared,dup
217,chr16,98011397,98011652,Exp_uniq_del,Exp_uniq,del
218,chr16,98011813,98011916,Exp_uniq_dup,Exp_uniq,dup
219,chr16,98207768,98207768,Shared_del,Shared,del
220,chr17,8004793,8004860,Ctrl_uniq_del,Ctrl_uniq,del
221,chr17,8912767,8912897,Exp_uniq_del,Exp_uniq,del
222,chr17,13206858,13241973,Ctrl_uniq_del,Ctrl_uniq,del
223,chr17,13241973,13511934,Shared_del,Shared,del
224,chr17,13249346,13533961,Exp_uniq_dup,Exp_uniq,dup
225,chr17,13511934,13533589,Exp_uniq_del,Exp_uniq,del
226,chr17,21662676,21662686,Exp_uniq_dup,Exp_uniq,dup
227,chr17,21662686,21692826,Shared_dup,Shared,dup
228,chr17,21663090,21663096,Exp_uniq_del,Exp_uniq,del
229,chr17,21663096,21692908,Shared_del,Shared,del
230,chr17,21692826,21692830,Exp_uniq_dup,Exp_uniq,dup
231,chr17,21692908,21693083,Ctrl_uniq_del,Ctrl_uniq,del
232,chr17,23310998,23311112,Exp_uniq_del,Exp_uniq,del
233,chr17,23311112,23478712,Shared_del,Shared,del
234,chr17,23478712,23478724,Ctrl_uniq_del,Ctrl_uniq,del
235,chr17,23483626,23511500,Shared_del,Shared,del
236,chr17,23511500,23511539,Ctrl_uniq_del,Ctrl_uniq,del
237,chr17,29103739,29103914,Ctrl_uniq_del,Ctrl_uniq,del
238,chr17,31432133,31432197,Exp_uniq_del,Exp_uniq,del
239,chr17,33964022,33964795,Shared_dup,Shared,dup
240,chr17,33964194,33964751,Shared_del,Shared,del
241,chr17,44301789,44301881,Exp_uniq_del,Exp_uniq,del
242,chr17,47894791,48036243,Ctrl_uniq_dup,Ctrl_uniq,dup
243,chr17,48032333,48032450,Exp_uniq_del,Exp_uniq,del
244,chr17,48032450,48033640,Shared_del,Shared,del
245,chr17,48033640,48033789,Ctrl_uniq_del,Ctrl_uniq,del
246,chr17,48135980,48136196,Ctrl_uniq_del,Ctrl_uniq,del
247,chr17,48136196,48161179,Shared_del,Shared,del
248,chr17,48139428,48139446,Ctrl_uniq_dup,Ctrl_uniq,dup
249,chr17,48139446,48161557,Shared_dup,Shared,dup
250,chr17,48161179,48161186,Ctrl_uniq_del,Ctrl_uniq,del
251,chr17,48161557,48161572,Exp_uniq_dup,Exp_uniq,dup
252,chr17,50529158,50529543,Shared_dup,Shared,dup
253,chr17,53597908,53598010,Shared_dup,Shared,dup
254,chr17,53598010,53598015,Exp_uniq_dup,Exp_uniq,dup
255,chr17,58686664,58687035,Ctrl_uniq_del,Ctrl_uniq,del
256,chr17,68214463,68214571,Exp_uniq_del,Exp_uniq,del
257,chr17,69495430,69495547,Ctrl_uniq_del,Ctrl_uniq,del
258,chr17,69845066,69845130,Shared_del,Shared,del
259,chr17,72706222,72706331,Exp_uniq_dup,Exp_uniq,dup
260,chr17,75822056,75822123,Shared_del,Shared,del
261,chr17,77738229,77738544,Exp_uniq_dup,Exp_uniq,dup
262,chr17,79094474,79094748,Exp_uniq_dup,Exp_uniq,dup
263,chr17,79094748,79096115,Shared_dup,Shared,dup
264,chr17,79096115,79096422,Exp_uniq_dup,Exp_uniq,dup
265,chr17,80819392,80819492,Exp_uniq_del,Exp_uniq,del
266,chr17,83063233,83063310,Shared_del,Shared,del
267,chr17,88220563,88220615,Shared_del,Shared,del
268,chr17,88320517,88320588,Shared_del,Shared,del
269,chr17,94987271,94987271,Shared_del,Shared,del
270,chr18,3022020,3027384,Exp_uniq_del,Exp_uniq,del
271,chr18,3029869,3029966,Shared_del,Shared,del
272,chr18,3047621,3051838,Shared_del,Shared,del
273,chr18,9865682,9865732,Ctrl_uniq_del,Ctrl_uniq,del
274,chr18,25581989,25582165,Exp_uniq_del,Exp_uniq,del
275,chr18,42557765,42559183,Exp_uniq_del,Exp_uniq,del
276,chr18,57866721,57866781,Shared_del,Shared,del
277,chr18,58909281,58909422,Shared_dup,Shared,dup
278,chr18,59190596,59190694,Exp_uniq_dup,Exp_uniq,dup
279,chr18,62753746,62753804,Shared_del,Shared,del
280,chr18,72771586,72773124,Exp_uniq_dup,Exp_uniq,dup
281,chr18,77859700,77859750,Shared_del,Shared,del
282,chr18,79133711,79134248,Ctrl_uniq_del,Ctrl_uniq,del
283,chr18,79700723,79700793,Exp_uniq_del,Exp_uniq,del
284,chr18,82161685,82161764,Exp_uniq_del,Exp_uniq,del
285,chr18,90032298,90032835,Ctrl_uniq_del,Ctrl_uniq,del
286,chr18,90702639,90702639,Shared_del,Shared,del
287,chr19,4816658,4817043,Ctrl_uniq_dup,Ctrl_uniq,dup
288,chr19,11392949,11393068,Exp_uniq_del,Exp_uniq,del
289,chr19,21598332,21598752,Shared_del,Shared,del
290,chr19,21619215,21652608,Shared_del,Shared,del
291,chr19,25371611,25371895,Ctrl_uniq_del,Ctrl_uniq,del
292,chr19,25371895,25372163,Shared_del,Shared,del
293,chr19,25372163,25372209,Exp_uniq_del,Exp_uniq,del
294,chr19,36911361,37379511,Ctrl_uniq_dup,Ctrl_uniq,dup
295,chr19,47785713,47785786,Ctrl_uniq_del,Ctrl_uniq,del
296,chr19,49663776,49663837,Exp_uniq_del,Exp_uniq,del
297,chr19,57478500,57478504,Exp_uniq_dup,Exp_uniq,dup
298,chr19,57478504,57478637,Shared_dup,Shared,dup
299,chr19,57478637,57478657,Ctrl_uniq_dup,Ctrl_uniq,dup
300,chr19,61431566,61431566,Shared_del,Shared,del
301,chr2,21062849,21063438,Shared_dup,Shared,dup
302,chr2,22544766,22544881,Ctrl_uniq_del,Ctrl_uniq,del
303,chr2,27064618,27064672,Ctrl_uniq_del,Ctrl_uniq,del
304,chr2,32321439,32321493,Exp_uniq_del,Exp_uniq,del
305,chr2,40020859,40020912,Ctrl_uniq_del,Ctrl_uniq,del
306,chr2,63208022,63208182,Shared_del,Shared,del
307,chr2,85171335,85171420,Exp_uniq_del,Exp_uniq,del
308,chr2,105645611,105645683,Exp_uniq_del,Exp_uniq,del
309,chr2,113901505,113901712,Exp_uniq_del,Exp_uniq,del
310,chr2,113906367,113906478,Exp_uniq_del,Exp_uniq,del
311,chr2,116780394,116780456,Ctrl_uniq_del,Ctrl_uniq,del
312,chr2,117779694,117779918,Exp_uniq_del,Exp_uniq,del
313,chr2,120267504,120267982,Exp_uniq_del,Exp_uniq,del
314,chr2,130147408,130147595,Shared_del,Shared,del
315,chr2,131068012,131068068,Ctrl_uniq_del,Ctrl_uniq,del
316,chr2,160135276,160135577,Ctrl_uniq_del,Ctrl_uniq,del
317,chr2,169162773,169163387,Shared_dup,Shared,dup
318,chr2,169162932,169162998,Shared_del,Shared,del
319,chr2,169162998,169163002,Ctrl_uniq_del,Ctrl_uniq,del
320,chr2,171034853,171035193,Exp_uniq_del,Exp_uniq,del
321,chr2,174812762,174812850,Exp_uniq_dup,Exp_uniq,dup
322,chr2,177314301,177314615,Exp_uniq_dup,Exp_uniq,dup
323,chr2,177314615,177315236,Shared_dup,Shared,dup
324,chr2,177315236,177315936,Exp_uniq_dup,Exp_uniq,dup
325,chr2,182113224,182113224,Shared_del,Shared,del
326,chr3,8474695,8474939,Shared_dup,Shared,dup
327,chr3,9304948,9305011,Shared_dup,Shared,dup
328,chr3,10089231,10089282,Ctrl_uniq_del,Ctrl_uniq,del
329,chr3,15327685,15459864,Shared_dup,Shared,dup
330,chr3,15327719,15359170,Exp_uniq_del,Exp_uniq,del
331,chr3,15359170,15359607,Shared_del,Shared,del
332,chr3,15359607,15459830,Exp_uniq_del,Exp_uniq,del
333,chr3,15508581,15525403,Shared_del,Shared,del
334,chr3,15610194,15610266,Ctrl_uniq_del,Ctrl_uniq,del
335,chr3,15610266,15884457,Shared_del,Shared,del
336,chr3,15884457,15884489,Exp_uniq_del,Exp_uniq,del
337,chr3,27292064,27292164,Exp_uniq_del,Exp_uniq,del
338,chr3,50813760,50814013,Shared_dup,Shared,dup
339,chr3,50814013,50814123,Ctrl_uniq_dup,Ctrl_uniq,dup
340,chr3,67419230,67419306,Ctrl_uniq_del,Ctrl_uniq,del
341,chr3,90909817,90910015,Shared_del,Shared,del
342,chr3,102028253,102029137,Shared_del,Shared,del
343,chr3,106123062,106311405,Shared_dup,Shared,dup
344,chr3,113250669,113250765,Ctrl_uniq_del,Ctrl_uniq,del
345,chr3,115011640,115307532,Ctrl_uniq_dup,Ctrl_uniq,dup
346,chr3,116266811,116267040,Shared_del,Shared,del
347,chr3,117621649,117621673,Exp_uniq_dup,Exp_uniq,dup
348,chr3,117621673,117622845,Shared_dup,Shared,dup
349,chr3,117622845,117622859,Exp_uniq_dup,Exp_uniq,dup
350,chr3,121222628,121222678,Exp_uniq_del,Exp_uniq,del
351,chr3,123677124,123680382,Ctrl_uniq_dup,Ctrl_uniq,dup
352,chr3,131372201,131372321,Exp_uniq_del,Exp_uniq,del
353,chr3,131542091,131542161,Ctrl_uniq_del,Ctrl_uniq,del
354,chr3,131826157,131826529,Ctrl_uniq_del,Ctrl_uniq,del
355,chr3,133306955,133307083,Shared_del,Shared,del
356,chr3,145241576,145241631,Exp_uniq_del,Exp_uniq,del
357,chr3,146560241,146560303,Shared_del,Shared,del
358,chr3,152196932,152197022,Exp_uniq_del,Exp_uniq,del
359,chr3,160039680,160039680,Shared_del,Shared,del
360,chr4,3227796,3228213,Shared_del,Shared,del
361,chr4,3230120,3231380,Exp_uniq_del,Exp_uniq,del
362,chr4,3233727,3234675,Exp_uniq_del,Exp_uniq,del
363,chr4,3236901,3236975,Shared_del,Shared,del
364,chr4,3240074,3240390,Exp_uniq_del,Exp_uniq,del
365,chr4,3246399,3246463,Shared_del,Shared,del
366,chr4,18901817,18901890,Ctrl_uniq_del,Ctrl_uniq,del
367,chr4,21973645,21974543,Exp_uniq_del,Exp_uniq,del
368,chr4,26712241,26712380,Exp_uniq_del,Exp_uniq,del
369,chr4,32356847,32356909,Exp_uniq_del,Exp_uniq,del
370,chr4,34311005,34312140,Exp_uniq_del,Exp_uniq,del
371,chr4,35059821,35059930,Ctrl_uniq_dup,Ctrl_uniq,dup
372,chr4,47752613,47752672,Ctrl_uniq_del,Ctrl_uniq,del
373,chr4,60223065,60223179,Shared_del,Shared,del
374,chr4,61694702,61694780,Shared_del,Shared,del
375,chr4,81553762,81554331,Exp_uniq_del,Exp_uniq,del
376,chr4,108881311,108881739,Shared_dup,Shared,dup
377,chr4,122212464,122212776,Ctrl_uniq_del,Ctrl_uniq,del
378,chr4,122212776,122217718,Shared_del,Shared,del
379,chr4,122217718,122218050,Ctrl_uniq_del,Ctrl_uniq,del
380,chr4,129403316,129403816,Shared_del,Shared,del
381,chr4,130570700,130570835,Ctrl_uniq_del,Ctrl_uniq,del
382,chr4,131804736,131804862,Shared_del,Shared,del
383,chr4,132549525,132550025,Shared_del,Shared,del
384,chr4,134885567,134885760,Exp_uniq_del,Exp_uniq,del
385,chr4,139760052,139760104,Ctrl_uniq_del,Ctrl_uniq,del
386,chr4,140209578,140209638,Shared_del,Shared,del
387,chr4,145390101,145404990,Exp_uniq_dup,Exp_uniq,dup
388,chr4,145390469,145407906,Exp_uniq_del,Exp_uniq,del
389,chr4,145404990,145595253,Shared_dup,Shared,dup
390,chr4,145407906,146050359,Shared_del,Shared,del
391,chr4,145595253,146057257,Exp_uniq_dup,Exp_uniq,dup
392,chr4,146156370,146156596,Shared_del,Shared,del
393,chr4,146262605,146262614,Exp_uniq_del,Exp_uniq,del
394,chr4,146262614,147607638,Shared_del,Shared,del
395,chr4,146425270,146537805,Exp_uniq_dup,Exp_uniq,dup
396,chr4,146537805,147391498,Shared_dup,Shared,dup
397,chr4,147391498,147507860,Exp_uniq_dup,Exp_uniq,dup
398,chr4,147507860,147508362,Shared_dup,Shared,dup
399,chr4,147508362,147517287,Exp_uniq_dup,Exp_uniq,dup
400,chr4,147517287,147518330,Shared_dup,Shared,dup
401,chr4,147518330,147597996,Exp_uniq_dup,Exp_uniq,dup
402,chr4,147602394,147602395,Exp_uniq_dup,Exp_uniq,dup
403,chr4,147602395,147603339,Shared_dup,Shared,dup
404,chr4,147603339,147603347,Ctrl_uniq_dup,Ctrl_uniq,dup
405,chr4,147620697,147620764,Shared_del,Shared,del
406,chr4,147754874,147755212,Shared_del,Shared,del
407,chr4,147764987,147765315,Shared_del,Shared,del
408,chr4,147792342,147792538,Shared_del,Shared,del
409,chr4,147793916,147793929,Ctrl_uniq_del,Ctrl_uniq,del
410,chr4,147793929,147794142,Shared_del,Shared,del
411,chr4,149810266,149810471,Exp_uniq_dup,Exp_uniq,dup
412,chr4,149810471,149810753,Shared_dup,Shared,dup
413,chr4,149810753,149810756,Exp_uniq_dup,Exp_uniq,dup
414,chr4,149881400,149881675,Ctrl_uniq_dup,Ctrl_uniq,dup
415,chr4,150672111,150672167,Exp_uniq_del,Exp_uniq,del
416,chr4,154050094,154050146,Shared_del,Shared,del
417,chr4,156316254,156316288,Ctrl_uniq_del,Ctrl_uniq,del
418,chr4,156316288,156320199,Shared_del,Shared,del
419,chr4,156320199,156320343,Exp_uniq_del,Exp_uniq,del
420,chr4,156341904,156341909,Ctrl_uniq_del,Ctrl_uniq,del
421,chr4,156341909,156341980,Shared_del,Shared,del
422,chr4,156341980,156342023,Ctrl_uniq_del,Ctrl_uniq,del
423,chr4,156508116,156508116,Shared_del,Shared,del
424,chr5,6565734,6565794,Shared_del,Shared,del
425,chr5,14903563,14903571,Exp_uniq_del,Exp_uniq,del
426,chr5,14903571,14927255,Shared_del,Shared,del
427,chr5,14964106,14970470,Shared_del,Shared,del
428,chr5,15490873,15490971,Shared_del,Shared,del
429,chr5,15594840,15594915,Ctrl_uniq_del,Ctrl_uniq,del
430,chr5,15604692,15604792,Shared_del,Shared,del
431,chr5,15617617,15617798,Exp_uniq_del,Exp_uniq,del
432,chr5,22443984,22444059,Exp_uniq_del,Exp_uniq,del
433,chr5,25352292,25353299,Ctrl_uniq_del,Ctrl_uniq,del
434,chr5,25353406,25354332,Shared_del,Shared,del
435,chr5,25354497,25354636,Shared_del,Shared,del
436,chr5,25948028,26052787,Ctrl_uniq_dup,Ctrl_uniq,dup
437,chr5,28928325,28928385,Ctrl_uniq_del,Ctrl_uniq,del
438,chr5,31062887,31062982,Shared_dup,Shared,dup
439,chr5,38797965,38798063,Exp_uniq_del,Exp_uniq,del
440,chr5,53359213,53359391,Shared_dup,Shared,dup
441,chr5,61559955,61560079,Ctrl_uniq_del,Ctrl_uniq,del
442,chr5,68628884,68628949,Exp_uniq_del,Exp_uniq,del
443,chr5,73394847,73395060,Exp_uniq_del,Exp_uniq,del
444,chr5,77423748,77423767,Ctrl_uniq_del,Ctrl_uniq,del
445,chr5,77423767,77424994,Shared_del,Shared,del
446,chr5,77424994,77425052,Exp_uniq_del,Exp_uniq,del
447,chr5,77425238,77425825,Shared_del,Shared,del
448,chr5,92683392,92683536,Exp_uniq_del,Exp_uniq,del
449,chr5,95015312,95015385,Shared_del,Shared,del
450,chr5,118897930,118897932,Ctrl_uniq_del,Ctrl_uniq,del
451,chr5,118897932,118897994,Shared_del,Shared,del
452,chr5,118993293,118993485,Ctrl_uniq_del,Ctrl_uniq,del
453,chr5,125397681,125398017,Exp_uniq_del,Exp_uniq,del
454,chr5,125397751,125398017,Ctrl_uniq_dup,Ctrl_uniq,dup
455,chr5,125398017,125398182,Shared_del,Shared,del
456,chr5,125398182,125398199,Ctrl_uniq_del,Ctrl_uniq,del
457,chr5,133143763,133143834,Exp_uniq_del,Exp_uniq,del
458,chr5,133830239,133830294,Exp_uniq_del,Exp_uniq,del
459,chr5,137165018,137165208,Shared_del,Shared,del
460,chr5,137178297,137178301,Ctrl_uniq_dup,Ctrl_uniq,dup
461,chr5,137178301,137180687,Shared_dup,Shared,dup
462,chr5,137178368,137179079,Shared_del,Shared,del
463,chr5,137179079,137179688,Exp_uniq_del,Exp_uniq,del
464,chr5,137179688,137185081,Shared_del,Shared,del
465,chr5,137180687,137180728,Ctrl_uniq_dup,Ctrl_uniq,dup
466,chr5,137185081,137185236,Exp_uniq_del,Exp_uniq,del
467,chr5,141563039,141563103,Ctrl_uniq_del,Ctrl_uniq,del
468,chr5,143821562,143871695,Ctrl_uniq_del,Ctrl_uniq,del
469,chr5,144167695,144167782,Ctrl_uniq_del,Ctrl_uniq,del
470,chr5,145468204,145468263,Shared_del,Shared,del
471,chr5,145598565,145598623,Shared_del,Shared,del
472,chr5,145598595,145599212,Ctrl_uniq_dup,Ctrl_uniq,dup
473,chr5,145600265,145600313,Ctrl_uniq_del,Ctrl_uniq,del
474,chr5,145600313,145740397,Shared_del,Shared,del
475,chr5,145624111,145767584,Shared_dup,Shared,dup
476,chr5,145925481,145925489,Exp_uniq_dup,Exp_uniq,dup
477,chr5,145925489,145932270,Shared_dup,Shared,dup
478,chr5,145932270,145932318,Exp_uniq_dup,Exp_uniq,dup
479,chr5,148802629,148803444,Shared_dup,Shared,dup
480,chr5,149762645,149762700,Exp_uniq_del,Exp_uniq,del
481,chr5,151834684,151834684,Shared_del,Shared,del
482,chr6,3057171,3057183,Exp_uniq_del,Exp_uniq,del
483,chr6,3057183,3057259,Shared_del,Shared,del
484,chr6,3129634,3129762,Shared_del,Shared,del
485,chr6,3174347,3174456,Shared_del,Shared,del
486,chr6,3184640,3191787,Shared_del,Shared,del
487,chr6,3192068,3192160,Shared_del,Shared,del
488,chr6,3192322,3192443,Shared_del,Shared,del
489,chr6,3195315,3195385,Ctrl_uniq_del,Ctrl_uniq,del
490,chr6,6645519,6646695,Exp_uniq_dup,Exp_uniq,dup
491,chr6,46308305,46308377,Ctrl_uniq_del,Ctrl_uniq,del
492,chr6,46567658,46567995,Exp_uniq_del,Exp_uniq,del
493,chr6,48252854,48252872,Ctrl_uniq_dup,Ctrl_uniq,dup
494,chr6,48252872,48268742,Shared_dup,Shared,dup
495,chr6,48253282,48271626,Shared_del,Shared,del
496,chr6,48268742,48268751,Ctrl_uniq_dup,Ctrl_uniq,dup
497,chr6,56933052,56933112,Exp_uniq_del,Exp_uniq,del
498,chr6,59906577,60157057,Ctrl_uniq_del,Ctrl_uniq,del
499,chr6,59906747,60157173,Ctrl_uniq_dup,Ctrl_uniq,dup
500,chr6,61254711,61254768,Exp_uniq_del,Exp_uniq,del
501,chr6,65813060,65813388,Exp_uniq_del,Exp_uniq,del
502,chr6,66458590,66464571,Shared_del,Shared,del
503,chr6,67673654,67673661,Exp_uniq_del,Exp_uniq,del
504,chr6,67673661,67673745,Shared_del,Shared,del
505,chr6,67677012,67677070,Shared_del,Shared,del
506,chr6,78500788,78500950,Shared_del,Shared,del
507,chr6,96140952,96141023,Exp_uniq_del,Exp_uniq,del
508,chr6,109001347,109001694,Exp_uniq_del,Exp_uniq,del
509,chr6,116022149,116022150,Exp_uniq_del,Exp_uniq,del
510,chr6,116022150,116042917,Shared_del,Shared,del
511,chr6,116042917,116042929,Exp_uniq_del,Exp_uniq,del
512,chr6,116547274,116548478,Ctrl_uniq_dup,Ctrl_uniq,dup
513,chr6,117720703,117720706,Ctrl_uniq_dup,Ctrl_uniq,dup
514,chr6,117720706,117727961,Shared_dup,Shared,dup
515,chr6,117727961,117727962,Exp_uniq_dup,Exp_uniq,dup
516,chr6,123719253,123719314,Shared_del,Shared,del
517,chr6,136324656,136325119,Ctrl_uniq_dup,Ctrl_uniq,dup
518,chr6,136325119,136405634,Shared_dup,Shared,dup
519,chr6,136405634,136405656,Ctrl_uniq_dup,Ctrl_uniq,dup
520,chr6,143610453,143610507,Ctrl_uniq_del,Ctrl_uniq,del
521,chr6,149736546,149736546,Shared_del,Shared,del
522,chr7,3192233,3192297,Exp_uniq_del,Exp_uniq,del
523,chr7,3192297,3194572,Shared_del,Shared,del
524,chr7,3192390,3194929,Ctrl_uniq_dup,Ctrl_uniq,dup
525,chr7,3195087,3195254,Exp_uniq_del,Exp_uniq,del
526,chr7,3197493,3198662,Ctrl_uniq_del,Ctrl_uniq,del
527,chr7,3270403,3271527,Shared_del,Shared,del
528,chr7,3288644,3288808,Shared_del,Shared,del
529,chr7,6872002,6872086,Ctrl_uniq_del,Ctrl_uniq,del
530,chr7,12011371,12012207,Ctrl_uniq_dup,Ctrl_uniq,dup
531,chr7,12012207,12014207,Shared_dup,Shared,dup
532,chr7,12012708,12015585,Ctrl_uniq_del,Ctrl_uniq,del
533,chr7,12014207,12014965,Ctrl_uniq_dup,Ctrl_uniq,dup
534,chr7,12015903,12016036,Ctrl_uniq_del,Ctrl_uniq,del
535,chr7,12020162,12020291,Shared_del,Shared,del
536,chr7,15633104,15633493,Ctrl_uniq_del,Ctrl_uniq,del
537,chr7,24082235,24086485,Shared_del,Shared,del
538,chr7,24086588,24097820,Shared_del,Shared,del
539,chr7,24097893,24101448,Shared_del,Shared,del
540,chr7,24101567,24104404,Shared_del,Shared,del
541,chr7,25642402,25642510,Shared_del,Shared,del
542,chr7,29864813,29865011,Ctrl_uniq_del,Ctrl_uniq,del
543,chr7,31382620,31386633,Exp_uniq_dup,Exp_uniq,dup
544,chr7,35635808,35635932,Ctrl_uniq_dup,Ctrl_uniq,dup
545,chr7,38529248,38680532,Exp_uniq_del,Exp_uniq,del
546,chr7,39312849,39312939,Exp_uniq_del,Exp_uniq,del
547,chr7,43124224,43124233,Exp_uniq_dup,Exp_uniq,dup
548,chr7,43124233,43206357,Shared_dup,Shared,dup
549,chr7,43206357,43226280,Ctrl_uniq_dup,Ctrl_uniq,dup
550,chr7,45527413,45527634,Shared_del,Shared,del
551,chr7,52069213,52069283,Ctrl_uniq_del,Ctrl_uniq,del
552,chr7,64466320,64466481,Exp_uniq_del,Exp_uniq,del
553,chr7,64466481,64490051,Shared_del,Shared,del
554,chr7,64471260,64494479,Exp_uniq_dup,Exp_uniq,dup
555,chr7,64490051,64496494,Exp_uniq_del,Exp_uniq,del
556,chr7,66857082,66857151,Shared_dup,Shared,dup
557,chr7,80480143,80480273,Exp_uniq_dup,Exp_uniq,dup
558,chr7,101849649,101849725,Shared_dup,Shared,dup
559,chr7,106257435,106257513,Shared_del,Shared,del
560,chr7,107809609,107809839,Ctrl_uniq_del,Ctrl_uniq,del
561,chr7,109357692,109357746,Ctrl_uniq_del,Ctrl_uniq,del
562,chr7,114206857,114206916,Shared_dup,Shared,dup
563,chr7,114947482,114947619,Ctrl_uniq_dup,Ctrl_uniq,dup
564,chr7,119027549,119027950,Shared_dup,Shared,dup
565,chr7,122882694,122882874,Shared_del,Shared,del
566,chr7,122882874,122883134,Ctrl_uniq_del,Ctrl_uniq,del
567,chr7,130135482,130135550,Shared_del,Shared,del
568,chr7,132407156,132407255,Exp_uniq_del,Exp_uniq,del
569,chr7,135369382,135369497,Exp_uniq_del,Exp_uniq,del
570,chr7,137971974,137972058,Shared_dup,Shared,dup
571,chr7,142278099,142293239,Shared_del,Shared,del
572,chr7,142278126,142293825,Shared_dup,Shared,dup
573,chr7,145441459,145441459,Shared_del,Shared,del
574,chr8,3196570,3196642,Exp_uniq_del,Exp_uniq,del
575,chr8,12133250,12134449,Ctrl_uniq_dup,Ctrl_uniq,dup
576,chr8,18923922,18923994,Ctrl_uniq_del,Ctrl_uniq,del
577,chr8,19763043,19763849,Shared_del,Shared,del
578,chr8,19783350,20122523,Ctrl_uniq_del,Ctrl_uniq,del
579,chr8,20266534,20266588,Shared_del,Shared,del
580,chr8,20270280,20270334,Exp_uniq_del,Exp_uniq,del
581,chr8,26158269,26158277,Ctrl_uniq_del,Ctrl_uniq,del
582,chr8,26158277,26162777,Shared_del,Shared,del
583,chr8,26162777,26162785,Exp_uniq_del,Exp_uniq,del
584,chr8,27073433,27073904,Ctrl_uniq_dup,Ctrl_uniq,dup
585,chr8,36737605,36737658,Ctrl_uniq_del,Ctrl_uniq,del
586,chr8,39132748,39133051,Ctrl_uniq_del,Ctrl_uniq,del
587,chr8,39133051,39152824,Shared_del,Shared,del
588,chr8,39152486,39152512,Ctrl_uniq_dup,Ctrl_uniq,dup
589,chr8,39152512,39156191,Shared_dup,Shared,dup
590,chr8,39152824,39153175,Ctrl_uniq_del,Ctrl_uniq,del
591,chr8,39156191,39156212,Exp_uniq_dup,Exp_uniq,dup
592,chr8,40803196,40803344,Exp_uniq_del,Exp_uniq,del
593,chr8,47050907,47050978,Exp_uniq_del,Exp_uniq,del
594,chr8,48389870,48389963,Exp_uniq_del,Exp_uniq,del
595,chr8,68722676,68722798,Shared_del,Shared,del
596,chr8,71189272,71189322,Shared_del,Shared,del
597,chr8,71189466,71189551,Exp_uniq_del,Exp_uniq,del
598,chr8,71806339,71806389,Exp_uniq_del,Exp_uniq,del
599,chr8,71806692,71806787,Exp_uniq_del,Exp_uniq,del
600,chr8,92922227,92922311,Ctrl_uniq_del,Ctrl_uniq,del
601,chr8,99720496,99720536,Exp_uniq_del,Exp_uniq,del
602,chr8,99720536,99722465,Shared_del,Shared,del
603,chr8,99722465,99722554,Ctrl_uniq_del,Ctrl_uniq,del
604,chr8,101328071,101328250,Exp_uniq_del,Exp_uniq,del
605,chr8,112494923,112494990,Ctrl_uniq_dup,Ctrl_uniq,dup
606,chr8,114030019,114030178,Exp_uniq_del,Exp_uniq,del
607,chr8,115432104,115432257,Exp_uniq_del,Exp_uniq,del
608,chr8,123600218,123600236,Exp_uniq_dup,Exp_uniq,dup
609,chr8,123600236,123619485,Shared_dup,Shared,dup
610,chr8,123619485,123619496,Ctrl_uniq_dup,Ctrl_uniq,dup
611,chr8,129401213,129401213,Shared_del,Shared,del
612,chr9,12470018,12470078,Ctrl_uniq_del,Ctrl_uniq,del
613,chr9,13312547,13312666,Shared_del,Shared,del
614,chr9,30163215,30163576,Shared_dup,Shared,dup
615,chr9,32274307,32274369,Exp_uniq_del,Exp_uniq,del
616,chr9,41202239,41202294,Exp_uniq_dup,Exp_uniq,dup
617,chr9,47150037,47150110,Ctrl_uniq_del,Ctrl_uniq,del
618,chr9,50560341,50560541,Exp_uniq_del,Exp_uniq,del
619,chr9,56260536,56318746,Exp_uniq_del,Exp_uniq,del
620,chr9,56318746,56374397,Shared_del,Shared,del
621,chr9,56374397,56374399,Ctrl_uniq_del,Ctrl_uniq,del
622,chr9,57850628,57850723,Exp_uniq_dup,Exp_uniq,dup
623,chr9,58022345,58022737,Exp_uniq_dup,Exp_uniq,dup
624,chr9,62668590,62668913,Shared_dup,Shared,dup
625,chr9,65312395,65313729,Shared_dup,Shared,dup
626,chr9,67459804,67459864,Ctrl_uniq_del,Ctrl_uniq,del
627,chr9,78601006,78601145,Ctrl_uniq_del,Ctrl_uniq,del
628,chr9,85648065,85648221,Shared_del,Shared,del
629,chr9,98100870,98100948,Exp_uniq_del,Exp_uniq,del
630,chr9,101489975,101490051,Shared_del,Shared,del
631,chr9,101580521,101580574,Ctrl_uniq_del,Ctrl_uniq,del
632,chr9,104798240,104798294,Exp_uniq_del,Exp_uniq,del
633,chr9,115888880,115889030,Exp_uniq_dup,Exp_uniq,dup
634,chr9,120216388,120216454,Shared_del,Shared,del
635,chr9,121219859,121219886,Exp_uniq_del,Exp_uniq,del
636,chr9,121219886,121233841,Shared_del,Shared,del
637,chr9,121233841,121233852,Ctrl_uniq_del,Ctrl_uniq,del
638,chr9,124158740,124158742,Exp_uniq_dup,Exp_uniq,dup
639,chr9,124158742,124327993,Shared_dup,Shared,dup
640,chr9,124160946,124161057,Exp_uniq_del,Exp_uniq,del
641,chr9,124161057,124330513,Shared_del,Shared,del
642,chr9,124327993,124328037,Ctrl_uniq_dup,Ctrl_uniq,dup
643,chr9,124330513,124330576,Ctrl_uniq_del,Ctrl_uniq,del
644,chr9,124334776,124334852,Exp_uniq_dup,Exp_uniq,dup
645,chr9,124334852,124364993,Shared_dup,Shared,dup
646,chr9,124364993,124365003,Ctrl_uniq_dup,Ctrl_uniq,dup
647,chr9,124367977,124367994,Ctrl_uniq_dup,Ctrl_uniq,dup
648,chr9,124367994,124417596,Shared_dup,Shared,dup
649,chr9,124417596,124417613,Ctrl_uniq_dup,Ctrl_uniq,dup
650,chr9,124422021,124422039,Ctrl_uniq_dup,Ctrl_uniq,dup
651,chr9,124422039,124442911,Shared_dup,Shared,dup
652,chr9,124595110,124595110,Shared_del,Shared,del
653,chrX,4551936,4551987,Ctrl_uniq_del,Ctrl_uniq,del
654,chrX,17918034,17918136,Ctrl_uniq_del,Ctrl_uniq,del
655,chrX,20365498,20365558,Shared_del,Shared,del
656,chrX,21188329,21188379,Ctrl_uniq_del,Ctrl_uniq,del
657,chrX,21252102,21252106,Ctrl_uniq_del,Ctrl_uniq,del
658,chrX,21252106,21252969,Shared_del,Shared,del
659,chrX,21252969,21253015,Exp_uniq_del,Exp_uniq,del
660,chrX,26414797,26415661,Exp_uniq_dup,Exp_uniq,dup
661,chrX,29563176,29564207,Exp_uniq_dup,Exp_uniq,dup
662,chrX,31252453,31252503,Shared_del,Shared,del
663,chrX,31752281,31759188,Shared_del,Shared,del
664,chrX,31764095,31765920,Shared_del,Shared,del
665,chrX,31770283,31770295,Exp_uniq_dup,Exp_uniq,dup
666,chrX,31770295,31782121,Shared_dup,Shared,dup
667,chrX,32911655,32911866,Exp_uniq_del,Exp_uniq,del
668,chrX,34016413,34016624,Shared_del,Shared,del
669,chrX,37811634,37811665,Exp_uniq_del,Exp_uniq,del
670,chrX,37811665,37812838,Shared_del,Shared,del
671,chrX,37812838,37812961,Ctrl_uniq_del,Ctrl_uniq,del
672,chrX,57015025,57016616,Exp_uniq_dup,Exp_uniq,dup
673,chrX,67604051,67606732,Ctrl_uniq_dup,Ctrl_uniq,dup
674,chrX,75681714,75682697,Ctrl_uniq_del,Ctrl_uniq,del
675,chrX,75688942,75690045,Exp_uniq_dup,Exp_uniq,dup
676,chrX,75690481,75696950,Ctrl_uniq_del,Ctrl_uniq,del
677,chrX,75711383,75711441,Exp_uniq_del,Exp_uniq,del
678,chrX,91326502,91326667,Exp_uniq_del,Exp_uniq,del
679,chrX,111160700,111160772,Exp_uniq_del,Exp_uniq,del
680,chrX,111160772,111164131,Shared_del,Shared,del
681,chrX,111164131,111164144,Exp_uniq_del,Exp_uniq,del
682,chrX,113892546,113892612,Exp_uniq_del,Exp_uniq,del
683,chrX,123057756,123057831,Exp_uniq_del,Exp_uniq,del
684,chrX,124108638,124108648,Ctrl_uniq_del,Ctrl_uniq,del
685,chrX,124108648,124109441,Shared_del,Shared,del
686,chrX,124109441,124109454,Ctrl_uniq_del,Ctrl_uniq,del
687,chrX,124235911,124267529,Ctrl_uniq_del,Ctrl_uniq,del
688,chrX,127202045,127202103,Shared_del,Shared,del
689,chrX,127793709,127793754,Exp_uniq_del,Exp_uniq,del
690,chrX,127793754,127797244,Shared_del,Shared,del
691,chrX,127793938,127793953,Ctrl_uniq_dup,Ctrl_uniq,dup
692,chrX,127793953,127797566,Shared_dup,Shared,dup
693,chrX,127797244,127797261,Ctrl_uniq_del,Ctrl_uniq,del
694,chrX,127797566,127797640,Exp_uniq_dup,Exp_uniq,dup
695,chrX,141149125,141152747,Ctrl_uniq_dup,Ctrl_uniq,dup
696,chrX,144013016,144013807,Exp_uniq_dup,Exp_uniq,dup
697,chrX,152570045,152570105,Ctrl_uniq_del,Ctrl_uniq,del
698,chrX,157259019,157259074,Ctrl_uniq_del,Ctrl_uniq,del
699,chrX,157259074,157259202,Shared_del,Shared,del
700,chrX,157259387,157259884,Ctrl_uniq_del,Ctrl_uniq,del
701,chrX,170810343,170841137,Ctrl_uniq_del,Ctrl_uniq,del
702,chrX,170841444,170841473,Exp_uniq_del,Exp_uniq,del
703,chrX,170841473,170841506,Shared_del,Shared,del
704,chrX,170841506,170841536,Ctrl_uniq_del,Ctrl_uniq,del
705,chrX,170859009,170859648,Ctrl_uniq_del,Ctrl_uniq,del
706,chrX,171031299,171031299,Shared_del,Shared,del
707,chrY,178538,178867,Exp_uniq_del,Exp_uniq,del
708,chrY,257700,257857,Ctrl_uniq_del,Ctrl_uniq,del
709,chrY,302749,302800,Ctrl_uniq_del,Ctrl_uniq,del
710,chrY,663302,663557,Ctrl_uniq_dup,Ctrl_uniq,dup
711,chrY,663557,967039,Shared_dup,Shared,dup
712,chrY,967039,967337,Ctrl_uniq_dup,Ctrl_uniq,dup
713,chrY,9890491,9890750,Ctrl_uniq_dup,Ctrl_uniq,dup
714,chrY,9890750,9891217,Shared_dup,Shared,dup
715,chrY,9891217,9891551,Ctrl_uniq_dup,Ctrl_uniq,dup
716,chrY,91744698,91744698,Shared_del,Shared,del